-- phpMyAdmin SQL Dump
-- version 5.2.0
-- https://www.phpmyadmin.net/
--
-- Host: 127.0.0.1
-- Generation Time: Aug 19, 2023 at 01:56 PM
-- Server version: 10.4.24-MariaDB
-- PHP Version: 8.1.6

SET SQL_MODE = "NO_AUTO_VALUE_ON_ZERO";
START TRANSACTION;
SET time_zone = "+00:00";


/*!40101 SET @OLD_CHARACTER_SET_CLIENT=@@CHARACTER_SET_CLIENT */;
/*!40101 SET @OLD_CHARACTER_SET_RESULTS=@@CHARACTER_SET_RESULTS */;
/*!40101 SET @OLD_COLLATION_CONNECTION=@@COLLATION_CONNECTION */;
/*!40101 SET NAMES utf8mb4 */;

--
-- Database: `meter_readings`
--

-- --------------------------------------------------------

--
-- Table structure for table `login`
--

CREATE TABLE `login` (
  `id` int(11) NOT NULL,
  `name` varchar(250) NOT NULL,
  `psw` varchar(500) NOT NULL
) ENGINE=InnoDB DEFAULT CHARSET=utf8mb4;

--
-- Dumping data for table `login`
--

INSERT INTO `login` (`id`, `name`, `psw`) VALUES
(1, 'test1', '1111'),
(2, 'test2', '2222'),
(3, 'test3', '3333'),
(4, 'test4', '4444'),
(5, 'test5', '5555');

-- --------------------------------------------------------

--
-- Table structure for table `readings`
--

CREATE TABLE `readings` (
  `cid` varchar(24) NOT NULL,
  `rdate` date NOT NULL,
  `unit` int(11) NOT NULL
) ENGINE=InnoDB DEFAULT CHARSET=utf8;

--
-- Dumping data for table `readings`
--

INSERT INTO `readings` (`cid`, `rdate`, `unit`) VALUES
('10000001', '2023-06-16', 7),
('10000001', '2023-07-16', 100),
('10000002', '2023-06-16', 11),
('10000002', '2023-07-16', 36),
('10000002', '2023-08-19', 136),
('10000003', '2023-06-16', 3),
('10000003', '2023-07-16', 45),
('10000003', '2023-08-19', 200),
('10000004', '2023-06-16', 11),
('10000004', '2023-07-16', 22),
('10000005', '2023-06-16', 6),
('10000005', '2023-07-16', 23),
('10000006', '2023-06-16', 2),
('10000006', '2023-07-16', 27),
('10000007', '2023-06-16', 10),
('10000007', '2023-07-16', 21),
('10000008', '2023-06-16', 0),
('10000008', '2023-07-16', 39),
('10000009', '2023-06-16', 9),
('10000009', '2023-07-16', 29),
('10000010', '2023-06-16', 8),
('10000010', '2023-07-16', 46),
('10000011', '2023-06-16', 9),
('10000011', '2023-07-16', 26),
('10000012', '2023-06-16', 3),
('10000012', '2023-07-16', 23),
('10000013', '2023-06-16', 7),
('10000013', '2023-07-16', 38),
('10000014', '2023-06-16', 4),
('10000014', '2023-07-16', 46),
('10000015', '2023-06-16', 8),
('10000015', '2023-07-16', 39),
('10000016', '2023-06-16', 5),
('10000016', '2023-07-16', 45),
('10000017', '2023-06-16', 10),
('10000017', '2023-07-16', 20),
('10000018', '2023-06-16', 3),
('10000018', '2023-07-16', 30),
('10000019', '2023-06-16', 8),
('10000019', '2023-07-16', 34),
('10000020', '2023-06-16', 12),
('10000020', '2023-07-16', 41),
('10000021', '2023-06-16', 7),
('10000021', '2023-07-16', 20),
('10000022', '2023-06-16', 5),
('10000022', '2023-07-16', 32),
('10000023', '2023-06-16', 11),
('10000023', '2023-07-16', 45),
('10000024', '2023-06-16', 7),
('10000024', '2023-07-16', 45),
('10000025', '2023-06-16', 12),
('10000025', '2023-07-16', 24),
('10000026', '2023-06-16', 9),
('10000026', '2023-07-16', 46),
('10000027', '2023-06-16', 4),
('10000027', '2023-07-16', 41),
('10000028', '2023-06-16', 5),
('10000028', '2023-07-16', 23),
('10000029', '2023-06-16', 10),
('10000029', '2023-07-16', 36),
('10000030', '2023-06-16', 8),
('10000030', '2023-07-16', 38),
('10000031', '2023-06-16', 5),
('10000031', '2023-07-16', 22),
('10000032', '2023-06-16', 1),
('10000032', '2023-07-16', 46),
('10000033', '2023-06-16', 6),
('10000033', '2023-07-16', 27),
('10000034', '2023-06-16', 11),
('10000034', '2023-07-16', 34),
('10000035', '2023-06-16', 11),
('10000035', '2023-07-16', 26),
('10000036', '2023-06-16', 11),
('10000036', '2023-07-16', 31),
('10000037', '2023-06-16', 12),
('10000037', '2023-07-16', 50),
('10000038', '2023-06-16', 0),
('10000038', '2023-07-16', 25),
('10000039', '2023-06-16', 2),
('10000039', '2023-07-16', 33),
('10000040', '2023-06-16', 1),
('10000040', '2023-07-16', 23),
('10000041', '2023-06-16', 4),
('10000041', '2023-07-16', 38),
('10000042', '2023-06-16', 7),
('10000042', '2023-07-16', 45),
('10000043', '2023-06-16', 7),
('10000043', '2023-07-16', 30),
('10000044', '2023-06-16', 3),
('10000044', '2023-07-16', 35),
('10000045', '2023-06-16', 12),
('10000045', '2023-07-16', 47),
('10000046', '2023-06-16', 8),
('10000046', '2023-07-16', 30),
('10000047', '2023-06-16', 9),
('10000047', '2023-07-16', 27),
('10000048', '2023-06-16', 12),
('10000048', '2023-07-16', 49),
('10000049', '2023-06-16', 5),
('10000049', '2023-07-16', 33),
('10000050', '2023-06-16', 12),
('10000050', '2023-07-16', 30),
('10000051', '2023-06-16', 12),
('10000051', '2023-07-16', 20),
('10000052', '2023-06-16', 6),
('10000052', '2023-07-16', 33),
('10000053', '2023-06-16', 2),
('10000053', '2023-07-16', 40),
('10000054', '2023-06-16', 1),
('10000054', '2023-07-16', 37),
('10000055', '2023-06-16', 7),
('10000055', '2023-07-16', 34),
('10000056', '2023-06-16', 6),
('10000056', '2023-07-16', 50),
('10000057', '2023-06-16', 5),
('10000057', '2023-07-16', 39),
('10000058', '2023-06-16', 9),
('10000058', '2023-07-16', 45),
('10000059', '2023-06-16', 6),
('10000059', '2023-07-16', 36),
('10000060', '2023-06-16', 8),
('10000060', '2023-07-16', 21),
('10000061', '2023-06-16', 5),
('10000061', '2023-07-16', 24),
('10000062', '2023-06-16', 1),
('10000062', '2023-07-16', 40),
('10000063', '2023-06-16', 5),
('10000063', '2023-07-16', 44),
('10000064', '2023-06-16', 4),
('10000064', '2023-07-16', 44),
('10000065', '2023-06-16', 5),
('10000065', '2023-07-16', 31),
('10000066', '2023-06-16', 6),
('10000066', '2023-07-16', 26),
('10000067', '2023-06-16', 7),
('10000067', '2023-07-16', 46),
('10000068', '2023-06-16', 7),
('10000068', '2023-07-16', 34),
('10000069', '2023-06-16', 7),
('10000069', '2023-07-16', 48),
('10000070', '2023-06-16', 0),
('10000070', '2023-07-16', 43),
('10000071', '2023-06-16', 1),
('10000071', '2023-07-16', 48),
('10000072', '2023-06-16', 0),
('10000072', '2023-07-16', 26),
('10000073', '2023-06-16', 4),
('10000073', '2023-07-16', 48),
('10000074', '2023-06-16', 12),
('10000074', '2023-07-16', 29),
('10000075', '2023-06-16', 8),
('10000075', '2023-07-16', 34),
('10000076', '2023-06-16', 1),
('10000076', '2023-07-16', 40),
('10000077', '2023-06-16', 2),
('10000077', '2023-07-16', 24),
('10000078', '2023-06-16', 1),
('10000078', '2023-07-16', 26),
('10000079', '2023-06-16', 2),
('10000079', '2023-07-16', 24),
('10000080', '2023-06-16', 0),
('10000080', '2023-07-16', 50),
('10000081', '2023-06-16', 12),
('10000081', '2023-07-16', 37),
('10000082', '2023-06-16', 4),
('10000082', '2023-07-16', 47),
('10000083', '2023-06-16', 1),
('10000083', '2023-07-16', 32),
('10000084', '2023-06-16', 11),
('10000084', '2023-07-16', 48),
('10000085', '2023-06-16', 7),
('10000085', '2023-07-16', 22),
('10000086', '2023-06-16', 12),
('10000086', '2023-07-16', 20),
('10000087', '2023-06-16', 11),
('10000087', '2023-07-16', 50),
('10000088', '2023-06-16', 4),
('10000088', '2023-07-16', 38),
('10000089', '2023-06-16', 0),
('10000089', '2023-07-16', 50),
('10000090', '2023-06-16', 1),
('10000090', '2023-07-16', 36),
('10000091', '2023-06-16', 4),
('10000091', '2023-07-16', 39),
('10000092', '2023-06-16', 6),
('10000092', '2023-07-16', 44),
('10000093', '2023-06-16', 0),
('10000093', '2023-07-16', 21),
('10000094', '2023-06-16', 1),
('10000094', '2023-07-16', 31),
('10000095', '2023-06-16', 9),
('10000095', '2023-07-16', 34),
('10000096', '2023-06-16', 10),
('10000096', '2023-07-16', 27),
('10000097', '2023-06-16', 3),
('10000097', '2023-07-16', 33),
('10000098', '2023-06-16', 0),
('10000098', '2023-07-16', 35),
('10000099', '2023-06-16', 9),
('10000099', '2023-07-16', 34),
('10000100', '2023-06-16', 12),
('10000100', '2023-07-16', 23),
('10000101', '2023-06-16', 10),
('10000101', '2023-07-16', 28),
('10000102', '2023-06-16', 10),
('10000102', '2023-07-16', 42),
('10000103', '2023-06-16', 0),
('10000103', '2023-07-16', 47),
('10000104', '2023-06-16', 2),
('10000104', '2023-07-16', 29),
('10000105', '2023-06-16', 6),
('10000105', '2023-07-16', 28),
('10000106', '2023-06-16', 9),
('10000106', '2023-07-16', 27),
('10000107', '2023-06-16', 3),
('10000107', '2023-07-16', 50),
('10000108', '2023-06-16', 4),
('10000108', '2023-07-16', 49),
('10000109', '2023-06-16', 8),
('10000109', '2023-07-16', 40),
('10000110', '2023-06-16', 0),
('10000110', '2023-07-16', 39),
('10000111', '2023-06-16', 7),
('10000111', '2023-07-16', 22),
('10000112', '2023-06-16', 11),
('10000112', '2023-07-16', 49),
('10000113', '2023-06-16', 3),
('10000113', '2023-07-16', 35),
('10000114', '2023-06-16', 1),
('10000114', '2023-07-16', 32),
('10000115', '2023-06-16', 7),
('10000115', '2023-07-16', 25),
('10000116', '2023-06-16', 2),
('10000116', '2023-07-16', 40),
('10000117', '2023-06-16', 12),
('10000117', '2023-07-16', 28),
('10000118', '2023-06-16', 1),
('10000118', '2023-07-16', 48),
('10000119', '2023-06-16', 5),
('10000119', '2023-07-16', 37),
('10000120', '2023-06-16', 6),
('10000120', '2023-07-16', 20),
('10000121', '2023-06-16', 12),
('10000121', '2023-07-16', 20),
('10000122', '2023-06-16', 3),
('10000122', '2023-07-16', 28),
('10000123', '2023-06-16', 7),
('10000123', '2023-07-16', 27),
('10000124', '2023-06-16', 11),
('10000124', '2023-07-16', 43),
('10000125', '2023-06-16', 1),
('10000125', '2023-07-16', 31),
('10000126', '2023-06-16', 1),
('10000126', '2023-07-16', 33),
('10000127', '2023-06-16', 8),
('10000127', '2023-07-16', 35),
('10000128', '2023-06-16', 8),
('10000128', '2023-07-16', 49),
('10000129', '2023-06-16', 0),
('10000129', '2023-07-16', 36),
('10000130', '2023-06-16', 3),
('10000130', '2023-07-16', 20),
('10000131', '2023-06-16', 12),
('10000131', '2023-07-16', 22),
('10000132', '2023-06-16', 4),
('10000132', '2023-07-16', 22),
('10000133', '2023-06-16', 0),
('10000133', '2023-07-16', 27),
('10000134', '2023-06-16', 1),
('10000134', '2023-07-16', 45),
('10000135', '2023-06-16', 11),
('10000135', '2023-07-16', 22),
('10000136', '2023-06-16', 10),
('10000136', '2023-07-16', 46),
('10000137', '2023-06-16', 10),
('10000137', '2023-07-16', 46),
('10000138', '2023-06-16', 4),
('10000138', '2023-07-16', 48),
('10000139', '2023-06-16', 0),
('10000139', '2023-07-16', 47),
('10000140', '2023-06-16', 12),
('10000140', '2023-07-16', 48),
('10000141', '2023-06-16', 8),
('10000141', '2023-07-16', 36),
('10000142', '2023-06-16', 10),
('10000142', '2023-07-16', 43),
('10000143', '2023-06-16', 8),
('10000143', '2023-07-16', 22),
('10000144', '2023-06-16', 0),
('10000144', '2023-07-16', 50),
('10000145', '2023-06-16', 5),
('10000145', '2023-07-16', 50),
('10000146', '2023-06-16', 12),
('10000146', '2023-07-16', 22),
('10000147', '2023-06-16', 4),
('10000147', '2023-07-16', 23),
('10000148', '2023-06-16', 10),
('10000148', '2023-07-16', 32),
('10000149', '2023-06-16', 8),
('10000149', '2023-07-16', 23),
('10000150', '2023-06-16', 12),
('10000150', '2023-07-16', 21),
('10000151', '2023-06-16', 10),
('10000151', '2023-07-16', 48),
('10000152', '2023-06-16', 7),
('10000152', '2023-07-16', 30),
('10000153', '2023-06-16', 6),
('10000153', '2023-07-16', 31),
('10000154', '2023-06-16', 8),
('10000154', '2023-07-16', 21),
('10000155', '2023-06-16', 9),
('10000155', '2023-07-16', 35);

-- --------------------------------------------------------

--
-- Table structure for table `user_detail`
--

CREATE TABLE `user_detail` (
  `cid` varchar(24) NOT NULL,
  `cname` varchar(20) DEFAULT NULL
) ENGINE=InnoDB DEFAULT CHARSET=utf8;

--
-- Dumping data for table `user_detail`
--

INSERT INTO `user_detail` (`cid`, `cname`) VALUES
('10000001', 'Patty O’Furniture'),
('10000002', 'Paddy O’Furniture'),
('10000003', 'Olive Yew'),
('10000004', 'Aida Bugg'),
('10000005', 'Maureen Biologist'),
('10000006', 'Teri Dactyl'),
('10000007', 'Peg Legge'),
('10000008', 'Allie Grater'),
('10000009', 'Liz Erd'),
('10000010', 'A. Mused'),
('10000011', 'Constance Noring'),
('10000012', 'Lois Di Nominator'),
('10000013', 'Minnie Van Ryder'),
('10000014', 'Lynn O’Leeum'),
('10000015', 'P. Ann O’Recital'),
('10000016', 'Ray O’Sun'),
('10000017', 'Lee A. Sun'),
('10000018', 'Ray Sin'),
('10000019', 'Isabelle Ringing'),
('10000020', 'Eileen Sideways'),
('10000021', 'Rita Book'),
('10000022', 'Paige Turner'),
('10000023', 'Rhoda Report'),
('10000024', 'Augusta Wind'),
('10000025', 'Chris Anthemum'),
('10000026', 'Anne Teak'),
('10000027', 'U.R. Nice'),
('10000028', 'Anita Bath'),
('10000029', 'Harriet Upp'),
('10000030', 'I.M. Tired'),
('10000031', 'I. Missy Ewe'),
('10000032', 'Ivana B. Withew'),
('10000033', 'Anita Letterback'),
('10000034', 'Hope Furaletter'),
('10000035', 'B. Homesoon'),
('10000036', 'Bea Mine'),
('10000037', 'Bess Twishes'),
('10000038', 'C. Yasoon'),
('10000039', 'Audie Yose'),
('10000040', 'Dee End'),
('10000041', 'Amanda Hug'),
('10000042', 'Ben Dover'),
('10000043', 'Eileen Dover'),
('10000044', 'Willie Makit'),
('10000045', 'Willie Findit'),
('10000046', 'Skye Blue'),
('10000047', 'Staum Clowd'),
('10000048', 'Addie Minstra'),
('10000049', 'Anne Ortha'),
('10000050', 'Dave Allippa'),
('10000051', 'Dee Zynah'),
('10000052', 'Hugh Mannerizorsa'),
('10000053', 'Loco Lyzayta'),
('10000054', 'Manny Jah'),
('10000055', 'Mark Ateer'),
('10000056', 'Reeve Ewer'),
('10000057', 'Tex Ryta'),
('10000058', 'Theresa Green'),
('10000059', 'Barry Kade'),
('10000060', 'Stan Dupp'),
('10000061', 'Neil Down'),
('10000062', 'Con Trariweis'),
('10000063', 'Don Messwidme'),
('10000064', 'Al Annon'),
('10000065', 'Anna Domino'),
('10000066', 'Clyde Stale'),
('10000067', 'Anna Logwatch'),
('10000068', 'Anna Littlical'),
('10000069', 'Norma Leigh Absent'),
('10000070', 'Sly Meebuggah'),
('10000071', 'Saul Goodmate'),
('10000072', 'Faye Clether'),
('10000073', 'Sarah Moanees'),
('10000074', 'Ty Ayelloribbin'),
('10000075', 'Hugo First'),
('10000076', 'Percy Vere'),
('10000077', 'Jack Aranda'),
('10000078', 'Olive Tree'),
('10000079', 'Fran G. Pani'),
('10000080', 'John Quil'),
('10000081', 'Ev R. Lasting'),
('10000082', 'Anne Thurium'),
('10000083', 'Cherry Blossom'),
('10000084', 'Glad I. Oli'),
('10000085', 'Ginger Plant'),
('10000086', 'Del Phineum'),
('10000087', 'Rose Bush'),
('10000088', 'Perry Scope'),
('10000089', 'Frank N. Stein'),
('10000090', 'Roy L. Commishun'),
('10000091', 'Pat Thettick'),
('10000092', 'Percy Kewshun'),
('10000093', 'Rod Knee'),
('10000094', 'Hank R. Cheef'),
('10000095', 'Bridget Theriveaquai'),
('10000096', 'Pat N. Toffis'),
('10000097', 'Karen Onnabit'),
('10000098', 'Col Fays'),
('10000099', 'Fay Daway'),
('10000100', 'Joe V. Awl'),
('10000101', 'Wes Yabinlatelee'),
('10000102', 'Colin Sik'),
('10000103', 'Greg Arias'),
('10000104', 'Toi Story'),
('10000105', 'Gene Eva Convenshun'),
('10000106', 'Jen Tile'),
('10000107', 'Simon Sais'),
('10000108', 'Peter Owt'),
('10000109', 'Hugh N. Cry'),
('10000110', 'Lee Nonmi'),
('10000111', 'Lynne Gwafranca'),
('10000112', 'Art Decco'),
('10000113', 'Lynne Gwistic'),
('10000114', 'Polly Ester Undawair'),
('10000115', 'Oscar Nommanee'),
('10000116', 'Laura Biding'),
('10000117', 'Laura Norda'),
('10000118', 'Des Ignayshun'),
('10000119', 'Mike Rowe-Soft'),
('10000120', 'Anne T. Kwayted'),
('10000121', 'Wayde N. Thabalanz'),
('10000122', 'Dee Mandingboss'),
('10000123', 'Sly Meedentalfloss'),
('10000124', 'Stanley Knife'),
('10000125', 'Wynn Dozeaplikayshun'),
('10000126', 'Mal Ajusted'),
('10000127', 'Penny Black'),
('10000128', 'Mal Nurrisht'),
('10000129', 'Polly Pipe'),
('10000130', 'Polly Wannakrakouer'),
('10000131', 'Con Staninterupshuns'),
('10000132', 'Fran Tick'),
('10000133', 'Santi Argo'),
('10000134', 'Carmen Goh'),
('10000135', 'Carmen Sayid'),
('10000136', 'Norma Stitts'),
('10000137', 'Ester La Vista'),
('10000138', 'Manuel Labor'),
('10000139', 'Ivan Itchinos'),
('10000140', 'Ivan Notheridiya'),
('10000141', 'Mustafa Leek'),
('10000142', 'Emma Grate'),
('10000143', 'Annie Versaree'),
('10000144', 'Tim Midsaylesman'),
('10000145', 'Mary Krismass'),
('10000146', 'Tim “Buck” Too'),
('10000147', 'Lana Lynne Creem'),
('10000148', 'Wiley Waites'),
('10000149', 'Ty R. Leeva'),
('10000150', 'Ed U. Cayshun'),
('10000151', 'Anne T. Dote'),
('10000152', 'Claude Strophobia'),
('10000153', 'Anne Gloindian'),
('10000154', 'Dulcie Veeta'),
('10000155', 'Abby Normal');

--
-- Indexes for dumped tables
--

--
-- Indexes for table `login`
--
ALTER TABLE `login`
  ADD PRIMARY KEY (`id`);

--
-- Indexes for table `readings`
--
ALTER TABLE `readings`
  ADD PRIMARY KEY (`cid`,`rdate`);

--
-- Indexes for table `user_detail`
--
ALTER TABLE `user_detail`
  ADD PRIMARY KEY (`cid`);

--
-- AUTO_INCREMENT for dumped tables
--

--
-- AUTO_INCREMENT for table `login`
--
ALTER TABLE `login`
  MODIFY `id` int(11) NOT NULL AUTO_INCREMENT, AUTO_INCREMENT=6;
COMMIT;

/*!40101 SET CHARACTER_SET_CLIENT=@OLD_CHARACTER_SET_CLIENT */;
/*!40101 SET CHARACTER_SET_RESULTS=@OLD_CHARACTER_SET_RESULTS */;
/*!40101 SET COLLATION_CONNECTION=@OLD_COLLATION_CONNECTION */;
